{
    "silence": {
      "sounds": [
        "suits/silence"
      ],
      "category": "player"
    },
	"lightning": {
      "sounds": [
        "suits/lightning"
      ],
      "category": "player"
    },
    "lightning_spell": {
      "sounds": [
        "suits/lightning_spell"
      ],
      "category": "player"
    },
	"teleport": {
      "sounds": [
        "suits/teleport"
      ],
      "category": "player"
    },
    "doorman_suitup": {
      "sounds": [
        "suits/doorman_suitup"
      ],
      "category": "player"
    },
	"doorman_unsuit": {
      "sounds": [
        "suits/doorman_unsuit"
      ],
      "category": "player"
    }
}