{
    "silence": {
      "sounds": [
        "suits/silence"
      ],
      "category": "player"
    },
	"lightning": {
      "sounds": [
        "suits/lightning"
      ],
      "category": "player"
    },
    "lightning_spell": {
      "sounds": [
        "suits/lightning_spell"
      ],
      "category": "player"
    },
	"teleport": {
      "sounds": [
        "suits/teleport"
      ],
      "category": "player"
    },
    "doorman_suitup": {
      "sounds": [
        "suits/doorman_suitup"
      ],
      "category": "player"
    },
	"doorman_unsuit": {
      "sounds": [
		"suits/doorman_unsuit"
      ],
      "category": "player"
    },
	"ironman_charge": {
		"sounds": [
			"suits/ironman_charge"
	 ],
	"category": "player"
	},
	"ironman_shoot": {
		"sounds": [
			"suits/ironman_shoot"
	],
	"category": "player"
	},
	"mjolnir": {
		"sounds": [
			"suits/mjolnir"
	],
	"category": "player"
	},
	"widow_bite": {
		"sounds": [
			"suits/widow_bite"
	],
	"category": "player"
	},
	"kang_beam": {
		"sounds": [
			"suits/kang_beam"
	],
	"category": "player"
	},
	"nightcrawler_port":{
		"sounds": [
			"suits/nightcrawler_port"
	],
	"category": "player"
	},
	"apocalypse_blast":{
		"sounds": [
			"suits/apocalypse_blast"
	],
	"category": "player"
	},
	"apocalypse_beam": {
		"sounds": [
			"suits/apocalypse_beam"
	],
	"category": "player"
	},
	"iceman_beam": {
		"sounds": [
			"suits/iceman_beam"
	],
	"category": "player"
	},
	"iceman_flight": {
		"sounds": [
			"suits/iceman_flight"
	],
	"category": "player"
	},
	"electro_blast": {
		"sounds": [
			"suits/electro_blast"
	],
	"category": "player"
	},
	"electro_beam": {
		"sounds": [
			"suits/electro_beam"
	],
	"category": "player"
	},
	"electro_lightning": {
		"sounds": [
			"suits/electro_lightning"
	],
	"category": "player"
	},
	"electro_flight": {
		"sounds": [
			"suits/electro_flight"
	],
	"category": "player"
	},
	"electro_charge": {
		"sounds": [
			"suits/electro_charge"
	],
	"category": "player"
	},
	"vibro_beam": {
		"sounds": [
			"suits/vibro_beam"
	],
	"category": "player"
	},
	"lizard_out": {
		"sounds": [
			"suits/lizard_out"
	],
	"category": "player"
	},
	"lizard_punch": {
		"sounds":[
			"suits/lizard_punch"
	],
	"category": "player"
	},
	"lizard_punch2": {
		"sounds":[
			"suits/lizard_punch2"
	],
	"category": "player"
	},
	"sand_cloud": {
		"sounds":[
			"suits/sand_cloud"
	],
	"category": "player"
	},
	"giant_start": {
		"sounds":[
			"suits/giant_start"
	],
	"category": "player"
	},
	"giant_end": {
		"sounds": [
			"suits/giant_end"
	],
	"category": "player"
	},
	"sand_mace": {
		"sounds": [
			"suits/sand_mace"
	],
	"category": "player"
	},
	"sand_cloud_start": {
		"sounds": [
			"suits/sand_cloud_start"
	],
	"category": "player"
	},
	"quake_beam": {
		"sounds": [
			"suits/quake_beam"
	],
	"category": "player"
	},
	"nova_beam": {
		"sounds": [
			"suits/nova_beam"
	],
	"category": "player"
	},
	"nova_blast": {
		"sounds": [
			"suits/nova_blast"
	],
	"category": "player"
	},
	"flame_on": {
		"sounds": [
			"suits/flame_on"
	],
	"category": "player"
	},
	"galactus_charge":{
		"sounds": [
			"suits/galactus_charge"
	],
	"category": "player"
	},
	"falcon_jetpack":{
		"sounds": [
			"suits/jetpack_loop"
	],
	"category": "player"
	},
	"cosmic_beam":{
		"sounds": [
			"suits/cosmic_beam"
	],
	"category": "player"
	},
	"magic_blast":{
		"sounds": [
			"suits/magic_blast"
	],
	"category": "player"
	},
	"spray":{
		"sounds": [
			"suits/spray"
	],
	"category": "player"
	},
	"hell_ambient":{
		"sounds": [
			"suits/hell_ambient"
	],
	"category": "player"
	},
	"rider_speach":{
		"sounds": [
			"suits/rider_speach"
	],
	"category": "player"
	},
	"fire_on":{
		"sounds": [
			"suits/fire_on"
	],
	"category": "player"
	},
	"energy_blast":{
		"sounds": [
			"suits/energy_blast"
	],
	"category": "player"
	},
	"spell_blast":{
		"sounds": [
			"suits/spell_blast"
	],
	"category": "player"
	},
	"graple":{
		"sounds": [
			"suits/graple"
	],
	"category": "player"
	},
	"fire_breath":{
		"sounds": [
			"suits/fire_breath"
	],
	"category": "player"
	},
	"bzzz":{
		"sounds": [
			"suits/bzzz"
	],
	"category": "player"
	},
	"flap_wings":{
		"sounds": [
			"suits/flap_wings"
	],
	"category": "player"
	},
	"creetle_fly":{
		"sounds": [
			"suits/creetle_fly"
	],
	"category": "player"
	},
	"creetle_fly_bosnia":{
		"sounds": [
			"suits/creetle_fly_bosnia"
	],
	"category": "player"
	}
	
	
}