{
    "silence": {
      "sounds": [
        "suits/silence"
      ],
      "category": "player"
    },
	"lightning": {
      "sounds": [
        "suits/lightning"
      ],
      "category": "player"
    },
    "lightning_spell": {
      "sounds": [
        "suits/lightning_spell"
      ],
      "category": "player"
    },
	"teleport": {
      "sounds": [
        "suits/teleport"
      ],
      "category": "player"
    },
    "doorman_suitup": {
      "sounds": [
        "suits/doorman_suitup"
      ],
      "category": "player"
    },
	"doorman_unsuit": {
      "sounds": [
		"suits/doorman_unsuit"
      ],
      "category": "player"
    },
	"ironman_charge": {
		"sounds": [
			"suits/ironman_charge"
	 ],
	"category": "player"
	},
	"ironman_shoot": {
		"sounds": [
			"suits/ironman_shoot"
	],
	"category": "player"
	},
	"mjolnir": {
		"sounds": [
			"suits/mjolnir"
	],
	"category": "player"
	},
	"widow_bite": {
		"sounds": [
			"suits/widow_bite"
	],
	"category": "player"
	},
	"kang_beam": {
		"sounds": [
			"suits/kang_beam"
	],
	"category": "player"
	}
}